x1,x2,y
-2.50919762305275,-6.297341423227607,9.189107390540402
9.014286128198322,0.8380189475671624,29.53994013542078
4.639878836228101,7.458916717528165,3.775324181726447
1.973169683940732,4.644497728191224,1.997879102255926
-6.87962719115127,6.131222957228996,-26.98774286167855
-6.880109593275947,3.1756673342143475,-22.79484239893688
-8.83832775663601,3.8455312903570498,-27.71335728166261
7.323522915498703,6.983913031306386,12.73161908284077
2.0223002348641756,-5.006639822816281,21.05881305587665
4.161451555920909,-0.21150072713719048,17.160144442889283
-9.588310114083951,-5.5758111636079555,-15.037548275308882
9.398197043239886,9.753360159932939,14.57191620621483
6.648852816008436,8.881186793732265,7.92102875765321
-5.753217786434477,-9.211463772629882,5.8819466288381195
-6.363500655857988,4.111503450313769,-22.24651815097663
-6.331909802931324,8.504966348313317,-30.489722887716507
-3.9151551408092455,-6.388493097453329,4.46897491559238
0.49512863264475726,1.3589046110525889,3.2385239984827994
-1.3610996271576852,8.309765951760838,-14.908566105372904
-4.175417196039161,-9.321080428284024,9.861619845281314
2.23705789444759,3.9484053449367984,4.107920925635802
-7.210122786959163,-4.053019852548985,-9.880910460402925
-4.157107029295637,8.487923907530607,-23.980738920514597
-2.672763134126166,9.421164903307357,-21.896260691290696
-0.8786003156592805,8.885329782268677,-17.021592327420706
5.703519227860273,-0.5157156668507241,24.30672837173944
-6.006524356832806,7.240853019786268,-28.235870686869003
0.28468876827223255,6.890987970701406,-8.738162073600495
1.8482913772408498,-3.6179905351348873,17.98142439922327
-9.070991745600045,6.578309483013548,-34.22095685339851
2.1508970380287664,-9.259847305690148,28.9565639064882
-6.58951752625417,1.92539756964106,-18.557667868196656
-8.69896814029441,-5.3998232542459395,-9.868441412060776
8.977710745066666,-7.588662284454424,47.80356241137199
9.312640661491187,-8.460935967415818,50.03623547458242
6.167946962329221,3.925775517562794,15.285262012778754
-3.9077246165325867,-3.2025007246386767,-1.1457626209691263
-8.046557719872322,4.4953354305752296,-28.04420013772105
3.6846605302431374,-8.692873184021153,32.367588946786114
-1.196950125207973,-3.6941932433877938,5.876185627657061
-7.5592353031044235,0.7898258475067443,-18.820797800169093
-0.09646179777459629,5.814463296779271,-6.014377145796137
-9.312229577695632,-3.6249499413586017,-18.049721285911534
8.186408041575643,2.517827528740181,23.513838362536628
-4.824400367999662,7.719554964723741,-24.29315677244127
3.2504456870796403,2.317263763646091,12.174305003658437
-3.7657784782117805,-5.340810504927324,4.405079282894715
0.40136042355621626,-9.51198436886924,24.50004706717799
0.934205586865593,7.401977478018598,-7.1842346365452565
-6.302910889489459,-9.574611782992257,6.615367316664324
9.391692555291172,7.49403345368399,17.541046579381
5.502656467222291,0.5787426805442397,19.55129203392814
8.789978831283783,8.781353970257925,13.324485031153467
7.896547008552975,5.975664715473307,15.784982986453599
1.9579995762217024,9.958682210666751,-8.9206953766736
8.437484700462335,-2.985763690965797,37.90865994178816
-8.23014995896161,5.343765778622538,-30.054902161013878
-6.080342751617096,-1.9613817278151569,-9.570618301347261
-9.09545422178924,-0.40248759392182265,-21.77319874643962
-3.4933933847347127,2.5501092643674017,-12.143589491635598
-2.2264542062103594,7.4735422837267755,-15.743337408937471
-4.573019364522082,9.681669383985902,-28.160234058550852
6.574750183038589,5.365468277290365,13.81283408094441
-2.864933466128214,-1.6446643566533243,2.8876358827668676
-4.381309806252385,-1.5728599544585968,-4.699456601474274
0.8539216631649698,4.751646031777829,-2.6933181241559336
-7.181515500504747,-5.224457084633953,-6.521989928451877
6.043939615080795,-7.790517737372107,39.861300029183354
-8.508987126404584,-2.9075568471844697,-14.598577274307049
9.737738732010346,-4.255220166918365,41.2853785515504
5.4448953859331475,-4.073837590880198,30.401590274135042
-6.025686369316552,-5.327844979001801,-3.0895132354850463
-9.889557657527952,-9.158136207272761,-4.479102781820788
6.309228569096682,-9.642521305331723,44.29277638366814
4.137146876952343,9.75444779472063,-2.544776854242981
4.580143360819747,-1.4445373252827522,22.910521094759858
5.425406933718914,-2.313467056806367,25.971010425296882
-8.519106965318192,3.5929456538613973,-26.890438528555155
-2.8306854291145473,-5.634922242698717,8.262521015348266
-7.682618809497406,8.999223679004508,-36.892660441492104
7.262068517511871,5.726900288311041,14.688855143596069
2.4659625365511584,-8.21177995375481,29.851408334744256
-3.3820395029470163,-1.6483844843014328,-2.184124872344724
-8.728832994279527,7.582366151243292,-36.75487974856716
-3.780353565686756,8.894640445828205,-25.085464168066032
-3.496333559465059,-0.6519697750026054,-3.761462062796505
4.5921235667612805,2.2682277842141545,16.302440051098678
2.751149427104263,-6.659321078158495,25.504557523375507
7.744254851526531,9.823372522739533,8.610238965773286
-0.5557014967610137,-5.3665659723311325,15.478248009794653
-7.608115081233966,8.854635482702513,-35.61325760035264
4.264895744459899,2.992932979847369,12.261193069934693
5.215700972337949,2.154735897577183,15.275237593712601
1.2255439513899251,0.25377022033017127,8.597398510717081
5.419343599091221,-5.386603765644827,31.84409406355877
-0.12408807271218514,-6.469439359889835,18.552344497322977
0.4546565876398816,-5.590275818596493,18.73190745167738
-1.4491796328290079,-6.271234757114909,15.78449425776141
-9.491617465118097,5.591689471335066,-34.07859816481085
-7.842171460133911,-2.997494816665398,-12.205728430488769
-9.371416286265315,-8.843146468732073,-5.233571619754465
2.7282082252756084,9.382052602816227,-5.932646822616317
-3.712880378473466,7.675717699268514,-21.151592690495736
0.1714138232940563,8.55504566390426,-11.891251268065378
8.151329478521859,9.898156452928706,9.826136505977779
-5.014155417022501,-6.522095015610255,4.319321315760967
-1.7923415392874062,-2.075159621946825,2.7667520607517897
5.1110227708609735,5.164769514081826,11.143407845548314
-5.424036690167551,3.9204123610758437,-17.795819725314473
-8.46040180342414,-6.922081873202899,-6.655110190857703
-4.204970941724639,6.316662499812356,-22.370092723807225
-6.775574254919912,-5.511188563266787,-4.9121676253205955
8.59395304685146,-5.523647703547539,43.12614909421057
6.162407591288339,0.739488457868271,21.985377795829592
2.6680751302084698,1.8587986968340626,8.287325764662373
7.429211803754356,1.601724156756223,23.579412176522403
6.073441537982291,-8.170263252044903,40.40147114454123
-6.268598822279284,7.549217252607608,-28.357497403851692
7.851179969799556,-4.687999148225879,37.69060610668073
0.786844838313014,-7.4097015743439165,21.813113251812187
6.148803103281249,7.774961597379544,7.5047279660408375
7.921825998469863,9.113029964595068,9.617007881720951
-3.6399305005627225,7.2425523453090115,-18.789520502836748
-7.798961509446465,6.19032149449756,-31.09984798654586
-5.441296749161166,3.1048396127804345,-16.31641095221887
-1.4578442274748742,1.017147412182787,0.1134885451322547
6.360295318449861,-8.260264801771797,41.59972645704114
7.214611665126867,-1.8309357385860263,29.874086159834604
-9.860957389376185,-2.5462296597537204,-19.086682758284507
0.21494605155131552,-4.804924324793475,15.23049119784998
-1.6517799370244202,4.468402273771698,-9.795846219346785
-5.557843790585395,-0.08248529842458296,-11.184201493185414
-7.6026926533263435,-8.379075681847041,-2.2289663874447503
-3.247696571927441,-5.596335961003773,7.637261594686788
8.858194078250385,3.6651752731919185,23.779614391068925
-3.5359413595848954,-8.477382810193996,11.548101197506146
0.3758124348673224,7.024138280975375,-7.637551385802641
4.060379177903556,-0.0970694597205135,17.11637147944762
-2.7274079524141204,-0.38826845346704,-1.8189931488330064
9.435641654419214,1.8481556931903516,29.135709920254417
9.248945898842223,6.493619318502983,20.630896356977946
-4.964354083492717,-3.043815841956139,-5.151410246812621
-0.0550298821522901,3.560323051181271,-2.159356169273001
-3.982433803664607,1.3146392799158217,-7.63765097176718
-4.303190112450648,-4.6594345966115736,0.40896753126562824
-9.262261052909345,7.57259972710316,-38.609727583459204
2.191286679597937,5.948520432138562,0.1907270241756024
0.0535804645772302,3.1690366931685094,-0.9977502106657303
-8.970424975000213,7.011634581884838,-35.58391398949676
-4.427070715267771,7.345884019196049,-22.483793054047748
8.165317719333075,4.167259534300696,21.796155557959604
-5.208762186660552,6.740266567273441,-22.997119852572315
-7.102102558175538,3.949429233385672,-23.795347484369447
-0.21094479444873926,3.6028154352060078,-3.079722908376776
9.713009082212015,2.372227564303685,30.067145819231406
-5.158894569769991,5.054332791152824,-18.685467356720405
3.442710948117572,-6.827897894138526,28.851294886247196
5.232392306574351,7.617415183978569,4.487817247095274
-5.247249120152007,7.43687055490464,-24.50840780097833
4.5643269722371915,-9.415054339308817,37.402708431375615
-2.644337345614936,6.516335011295254,-18.13835160544935
2.646116611871589,-7.422602650531096,28.63097681382738
2.6705942152178945,-3.297622914817162,19.071700289334085
0.71549368149517,4.870165125832155,-2.6843824894829615
-8.194204598911835,-6.784802079033836,-5.681029308098817
6.70604991178476,6.359340482381242,12.589968450370861
-3.5843987005652833,6.64268355915484,-18.329111402866488
-6.269629792002915,0.14935467521672408,-14.543085097012035
-9.184497168904722,-9.872282565663328,-2.295820577211428
1.8178588637648367,-4.259237336501744,18.712504586714083
3.551287236845649,2.3385383675148432,11.715595456394764
-9.668243421442877,9.62372356054847,-42.63680990141251
0.24186116598562002,2.636270540333367,-0.4823962847544694
-5.470084496041241,-4.803928378716805,-0.7164146145150805
2.9034558081889976,2.680114061992228,7.8141758554684895
-6.512671419900171,0.799707594317109,-15.329371650053583
3.81875476204932,5.596907903022872,5.6297357935035555
-2.265293073989252,-7.860387223460831,15.76307890174903
8.73459977473469,5.220558050040561,20.539217241751096
-7.249581117080135,0.825331573522206,-18.748723294403018
-3.17867297899483,9.259840077179891,-23.075118697232007
-7.730529575188219,-3.1625566792262783,-12.169655149946378
8.493872365571256,2.652437862678962,25.976683273297894
7.5467870676196185,8.64056211020035,8.742926374021568
-4.841167445696888,-7.949805440186415,5.322426124135812
3.19968092068358,8.744569744729024,-3.9578996489865004
6.344444004024318,3.7577144460162675,17.468210712013995
1.104016231989247,-8.643258817896562,27.30917970434279
0.5930115671201293,-3.980728661063675,14.636042804950266
-5.162954181990966,4.163441772905632,-18.984567814974174
-8.137944643882015,-8.652987970624565,-2.0378058272837345
7.944315159066534,1.643409203525465,26.708005372756862
8.008361143266608,-3.0823388609408653,34.262408017490976
2.6620291454653593,2.4183103553495418,8.38783570843178
-3.219404179025986,-9.085159323749743,14.487303740203958
-3.015808507746782,7.430736123047524,-18.40780359939555
4.519113577404788,9.469779383547937,-0.19263641828276756
7.942205199051543,9.37755710571383,11.072547478294108
7.741728485302346,4.993036634858495,15.535879893190812
5.597510917152476,-7.398275197387361,37.266958465763054
2.8406329230857548,5.165263918580452,2.5372952489689364
-8.317200700099024,-9.50826167082397,-2.7657116555055907
-6.767425718107725,-9.557528969420055,4.323983384041916
7.971083770541586,-3.5277956170091755,37.342501090806074
2.128581193191799,-0.2271361919066841,11.702567448761073
-9.816058967667407,5.4081483561558645,-34.31159906811101
-7.9705691426793575,3.6659075321301042,-24.631244234309634
3.2700353821611152,-1.0819458724650328,18.28891234499746
-9.898768323075625,-4.527466674366682,-14.001407091122118
-6.783838971650027,9.942490003154223,-34.49436943018664
0.9746757873317229,-1.4763739552805415,10.952208911457845
3.837903953853864,-0.97225951340649,16.856265076477403
3.0392251900520115,-6.727523576166616,27.32666023435932
-5.514613810788804,5.8961909749985875,-24.17946997767978
4.243584426950717,3.8736445156297723,12.15440696709042
-5.255018250063999,-5.584607744224792,0.22827492582525097
-3.4920060368146455,-8.352379087683147,11.351944871706843
4.929828102360483,3.6099860414942615,13.120997600133395
2.992657980944294,3.090224285622705,7.841127817959926
6.984468209883559,-4.534809460035813,36.71807459015306
3.152257846006867,9.017271245008207,-4.200418313730265
1.3661720667094315,-6.978842164381995,23.250807984129526
-8.12650464343815,-1.3533039791479613,-17.415376557716574
-2.645683938811329,8.872318403351976,-22.001711134358644
-4.695952646365491,-1.6054536614775543,-6.48871970704665
-5.1202071324183285,2.7705189532817105,-15.938696100866817
9.460211095048912,-2.0481120407441145,37.04755514211771
-2.138045506664792,-4.515695953026599,6.924834406184966
7.8409311035422675,9.679552959196563,7.757369928561842
2.622772519945258,-1.8133198736991396,16.411851734605357
5.896226070832968,7.881984073582689,5.419989691302526
0.0527418621038418,-5.400907882178276,16.72009731435768
1.5380776925271817,-5.737905919498334,21.17248466951272
-0.14964612362272156,-9.377318342309772,21.848146814286448
-6.09514024403911,3.033336507517701,-19.661302824202597
4.4490423052301065,-2.629473125524777,22.853916761149293
-4.384552751182884,7.28716499679274,-22.40881373671495
-9.513680671370924,-0.5358018661688568,-21.128987835751914
2.9094459181433567,9.363868558294435,-6.874571831804544
-6.457786411859021,-6.289489685937577,-1.6793537845544921
8.809171687058285,7.372463359112217,16.52245554738378
9.078571540051747,5.531937055834835,21.84318058493604
8.29728780440897,5.41843689288104,19.26818625570252
-2.5968259948911125,6.895664562337753,-17.333776441087664
-9.690867669422651,5.220479818859978,-34.83261658165453
8.566371251754507,2.5244064326283073,24.854275033203418
-1.4363170336537134,-7.3751024463522485,16.517260930341955
9.333096380873393,-9.349476410174962,51.71955361164204
9.272399541785056,8.416956956313737,17.884475398480703
7.060189109347203,2.3330062904147617,21.453893933397463
-4.111022158608286,5.930745819523526,-19.902964881782374
-2.298045427961495,-0.3695529697489981,-2.668744736999315
7.022733430337137,-7.65383622075211,39.572733056259686
-3.661559896874447,-7.496284155948992,7.423752678269152
-6.61014506627815,3.711305744579427,-21.98592003698182
1.1360252491670035,-1.3938821020107461,11.704564974752437
8.72309548321562,-5.989505465993266,41.56710667960126
3.9205959334994596,-0.16810906517126156,17.993044244917016
1.4012234017872984,-8.715821258497318,26.152251670673092
-8.05647012458463,1.639428038287976,-22.301473438344292
2.3001445339833957,-4.620131911298047,22.752918052801707
9.801077002085265,5.951182012743763,23.3977062966338
-7.19831969526952,-3.7927608215285247,-9.277968090657344
0.3665930472747352,-0.8955970183639756,6.999780953136869
7.5474614385591074,-9.767589201837987,45.02574731802399
4.815372355084088,-8.551062244108822,35.829088234227484
3.9403148199053604,-2.150128871866304,20.910071964620993
4.049681679742186,-0.4012233056575294,16.96431212339043
-2.8101769756048967,2.0004109623860735,-7.5626098186791415
-4.128163114710133,-4.166748425813935,1.0258593904562416
6.187223109570272,3.8996377225308514,15.537537901841036
6.202267893583617,7.20244794378409,8.55190521235921
7.341446371602075,5.597019777866997,15.998954231038958
8.264811051129428,-9.207623493032857,48.651620789023404
0.22684797721875682,-0.38986105484342204,5.369866963900268
0.030325893743992083,-7.901396431636503,22.304702924251252
5.965903579335503,-5.159099682749451,33.117321971221145
2.999278615555303,9.733251865342929,-5.449818261075101
4.039337545154067,-7.150089141969735,32.12640534265823
5.91585338872202,-0.02223693097287871,23.025250159375318
7.8001068363513255,2.3631146863623815,24.62722777024246
-3.240096862969284,4.049299410882078,-12.531765245470183
-2.48834094720112,1.192973669738283,-5.463407555720364
-8.12036120318262,-9.804583051616326,0.6095860188908926
1.5656028199234804,-3.4707738351201627,15.494629922690105
-9.281154524065158,0.354232867694229,-23.443369601807408
-0.6880396373507978,-8.242670017103332,19.38799113150981
0.8528926941515316,-2.987461375816385,13.325483976814825
-4.269174957434312,-9.33593782417267,10.735813264603474
1.816665211380215,-8.428430056899586,25.42500670244218
-9.389995001219011,-2.061534475968079,-19.595640959461836
-9.253036225015713,-7.345684919138793,-7.974893935628437
6.452011213193167,1.3508169652311626,21.814256101114577
-2.7961871717747417,3.7892993827453143,-11.994835421740811
-7.458789746962305,6.011733982181656,-28.13412936438553
0.4448652010960874,-5.996995115103799,17.462410985281355
5.399871061972217,-6.650348354818605,35.4697670960806
-5.683579450063137,-7.908643193311995,4.193742398306263
2.4578095163800047,2.728604990872734,6.2699912575507435
-8.29305070012464,4.129514529738023,-26.362870267240453
-8.966365576627846,-9.36827710348716,-4.3561793546657
0.6270926313629595,8.724244924873798,-9.648057782048715
0.8127024322021299,-8.960574326970551,26.359838268590472
2.748598029964132,0.8259267060214093,10.923320468772932
4.52182667445323,4.181210389018329,11.595524545387361
9.517041589250692,7.419382474921711,18.4623133033097
0.3260069660239058,4.2817386426485555,-2.2967627579455367
-3.5408705411750807,6.034561661395838,-17.431413107545694
5.903723895374073,-3.210996149143879,28.99885524293943
-4.583354974758516,6.296502274930244,-20.532261200976254
-1.2205715858872779,-8.397703072306497,18.92718010750337
-8.430872373154681,7.896333121210553,-37.833815335123326
-9.49298513169085,0.9518475230747256,-24.078310198343846
9.252968293558503,6.345955399249874,18.404502094140085
6.719602410244118,-0.9536343096339976,28.098622054342005
3.9194841218739604,2.871553903930499,12.142049694588467
-1.8209411117146033,0.5280532187222633,-2.609896202803535
-6.534113598583085,4.6317904351066375,-24.276735953917115
-6.871259146578279,-8.367400359388208,0.01531861055564443
-4.995142036708094,-8.792958320188724,7.385569499964431
0.984533294122409,-5.057935319797071,17.76143623777563
4.291918454001246,-6.809106397736233,32.27362868974554
3.2039475343546258,7.435671331844034,1.0508086854954173
-4.401322061081143,-5.615720252839114,4.423158133224753
9.097305613263881,9.517305116382627,12.695138580448088
4.757938333915369,-3.262084164577863,25.588761457157307
1.0870810502280133,-6.357641686226014,19.293088330915115
2.2344149246870444,5.793970142849583,-0.6905655781342209
-1.6079987514442013,3.1741555100175223,-5.207455641270191
-5.045380209976851,-0.03608567093722037,-8.448386464507879
-2.8805464269747683,1.1072710187526251,-7.090530190309478
5.156922209287382,4.384035565445277,11.110231237818697
-9.712130227404883,-5.4309051733740255,-13.300986092425521
-7.678547189861675,9.926678321134837,-37.60883705303509
-9.079947159564945,9.495863242935663,-42.041171484487805
-9.185423953620598,3.0065137269387385,-28.14523827027518
7.109211680220145,-6.009150981417097,37.87209765642371
4.073157187600474,3.6045648486258273,9.995889594671489
-0.5165234182534952,-8.556031820416482,21.10877763407618
-8.04331678697997,-9.386949955883878,-0.3496281793612139
-0.1676824976633533,-4.846342229775726,13.753251076034823
-0.5305645843886868,-0.7475408652136739,4.793778173335457
-6.535962601799696,7.365450108167611,-29.427150980939643
-1.3229670152405397,4.543381395326161,-8.425674866256069
-2.0299053120525308,4.854130423999621,-11.056772846823936
2.3170019610443298,-1.490133311038493,16.52991967571469
2.7018730173528756,-3.0813001490607412,19.82913879812135
-9.09391980455911,-2.5792247403079465,-17.4187902510906
-2.5077477074705756,9.752991274721158,-21.33227126734331
2.5171983142847267,-9.19781617175035,30.61340779659887
0.06272517160175362,7.340629922448972,-8.319959692506043
7.129796823766444,1.5735081714478678,23.61201632060169
3.1738726323789006,-1.2276916162081903,16.86969898554885
-6.741311458371406,4.50515320830273,-23.786523865909402
-8.588625051991404,-0.26662117150594256,-21.803508965030826
2.8483855641263123,7.468464761633211,-2.51854029979729
-9.469773789167563,8.014037280225171,-40.63132093435209
1.715511625469265,-1.5655814625308917,13.420640896233285
8.804604828499151,-4.463444055298968,42.07321759558048
1.50948355751758,1.8470065718672437,8.065737675010885
-2.236601475869562,8.24726691233382,-17.566287150835567
2.8657643688470635,-5.786756219886668,25.671650021258984
-0.8349421901696665,2.4593316712696556,-4.2245476472010495
0.9123357863186996,2.631204401850411,1.9319247555212549
8.829296175530502,4.66226044830562,21.375583878072025
-2.2779472439845154,-7.368646297454804,12.282603264704946
9.223811276478283,4.316499293641771,23.87029142356652
8.107012839121275,8.180650413312819,12.48764711304106
-6.084177304214071,-6.406337822595161,-2.4191560778276786
-8.612773982496691,-5.249133501522447,-9.592144688327645
-7.984439972451467,9.427901880832792,-38.88186670475979
-9.635563486969005,-6.380460945810205,-10.906521705175455
-8.111140784881432,7.0877018673915835,-31.434743419677485
3.6601354683271374,-0.1544428710393042,15.369907555473597
-8.57622703079542,-5.055378511936459,-13.148211591259672
-3.6204873941247744,7.4149980254502275,-20.97746245515489
6.89750621938909,-1.0938948999466902,28.98126809305922
-9.534561285283482,0.29634707859380427,-22.238030558817464
6.289369651778717,-2.8153326120046867,28.269224584893106
-4.362904504532001,1.859017028698549,-11.310048347756581
-7.636703447566875,-6.729522548299545,-4.916375702881591
3.9347433072830125,-2.1783692669647863,21.055020101474472
2.5788569355976794,9.38824644670575,-3.3955787396014276
7.549440270541059,-4.837331345977449,35.82001317518292
4.701420876077716,3.134733290825844,13.088535708076034
6.06961860769697,-3.496198715506102,30.668946425868548
-4.35930854857387,5.469462513732013,-17.931064348246288
-6.451209124405544,-7.3825267856330035,0.5094093515202702
5.012295032817168,9.396420901570895,1.5520938348138147
6.136694785345281,-0.924209172327215,24.866854133268482
9.810102840013467,-5.278990733070721,45.257416927426945
-1.7476464617714704,-8.530065053399747,16.47399844598767
-2.559638284144336,-6.604841898249186,11.152340833921414
5.528259214839936,0.3954789711203528,20.42420936623547
-3.183929194939643,-3.2599364713742744,2.345185751831807
8.615146512071295,6.577667317652189,17.660842087224527
7.168255036860238,-1.3822495267638821,30.395314414880644
-1.420119452499634,-5.025714548247402,10.739677015407416
5.017421355829947,2.3428997320806015,13.593432135121757
5.0908574816936465,4.135544337708916,13.263405270377099
-7.937522623281348,-6.659161841981003,-6.399976486744658
8.051058133591333,-6.647615674233647,41.79463941059247
0.10504744895714246,-9.266571461329141,23.25262397548622
6.529149322154833,4.728040301312809,16.505805457009696
-3.599007979387765,3.276090552436102,-14.484879257014196
7.9104645699240095,-0.5073824850037223,32.883907213439464
-2.215966425316738,6.883408979383944,-14.358660425652053
-9.783246970394032,6.113403059001065,-36.353308115055064
8.107639528385274,1.7070872879350425,25.85385000866945
-8.174266464277329,7.365425610265174,-33.968096538504675
-3.6137272481917027,-5.8831757992646345,6.446292282333499
9.001239341016099,-7.7616076120454425,48.17214883308924
9.012142938751122,-4.605007769660208,41.80204882157724
1.4687577624657226,-8.858262878213703,27.21237972507982
2.6367442433959845,0.6233905600206402,11.466113189839346
-1.031089560433605,8.732113845899228,-15.70876965675278
-4.135784566038709,-9.213129186629807,10.823996394790804
-3.4267090926016808,-7.557801719799464,10.969246258660949
3.450369121540769,-0.956019434331294,17.856702955565755
5.0474905887536,8.677500350558098,-0.15291756951967583
5.83158087451697,-3.67687790046499,30.50439920101065
5.792362855891078,0.14469617376784782,22.282432414856313
-8.175877939026194,-9.168542818992158,-1.209256935540162
-0.11159390594837149,-7.033135980758223,18.342971790582446
-8.848824799667113,9.732602459176938,-39.8875665973692
0.9905776464747102,9.302373928720911,-9.685488455894834
-1.1693899725324606,-9.901200381311808,20.521353177202627
7.754083655165996,9.03623570846478,10.596831835692964
-2.9816997489584267,2.782398756310007,-10.48155349403658
-7.658659671447882,7.358365890400442,-34.072328959933465
-7.140166358943283,-0.9052028873228188,-15.236810526774176
5.230212634349446,0.31192057158500575,20.929190232261085
2.364361266325222,-0.22306839486159546,13.492345634074944
-7.977546477544195,3.337285150922087,-25.094124314379464
-8.317863877700052,-7.206974904873742,-4.814546036504676
4.019382629182399,-9.400528202546441,36.37538257975504
-8.544739872716129,-3.8414011681761817,-13.592898877018975
6.437201185807126,4.093615254732935,16.55629559262945
4.1248445431299245,-5.962930957541033,30.100805069699522
-8.373024387162005,3.4686486664983462,-26.30207916466913
-8.30324571829616,9.398240922145408,-37.51730562770466
9.732791570023508,-8.121985684211632,51.15064992569485
-2.514584084877594,3.4520423645025247,-9.096388776096248
-2.587157058662182,-1.1249956139085775,0.558670290147036
6.255991345150051,7.362845087550106,9.01576260110088
8.944971547677174,-6.457004211052282,43.867048413908364
9.720021276457416,3.852519044523291,26.291958776381904
5.0675637051788325,6.762305792962206,5.933176884805637
-2.4748082893816843,8.892284389480466,-20.884171922080366
-8.329985666026625,3.664960565792917,-27.464396800381227
5.542938318548735,-0.05650471983145344,20.94940447430915
1.1680849947161,2.356944804024277,3.482403846460706
-1.5155598150604739,7.378099689574363,-16.19649349128393
8.12708770189472,1.4121949327765932,26.77016694750391
-7.776050353876974,-9.392258806063262,0.45757202585782986
-0.14749791418281788,8.618973910139555,-13.497530193895756
-9.772927104651618,3.790535020631223,-31.240605686784896
-0.626787160117475,3.5302677155449302,-3.0033267738157274
-8.873934486363254,-5.6864969520456565,-11.856369419367423
-7.623641674638561,3.177709404653143,-24.98906861178818
-7.649475064457903,-2.1227118869168304,-14.472143769327346
2.984206042321272,3.024659540829841,6.96339594419527
4.920897585308467,-7.868139393840186,36.32844638553752
1.667375301943192,3.156906092060721,3.4944875829353306
9.243450969490837,9.98827451541333,12.48928903633524
-2.5025884095259183,-9.03575922278888,13.55989085259325
-4.285758274362785,9.543483684426345,-26.30882416173182
7.3719825637892065,-1.8618407855425883,29.600370867599324
-5.528083229610948,7.415069006745185,-26.354455072056883
9.264450788812226,5.64770968116547,21.77530994206393
-9.756910506203674,1.340325219733355,-25.590723362239082
9.39757653415278,4.768984185026531,22.345940833286164
-9.136801760988478,7.570311226026959,-40.57053989084018
7.822862273961423,-1.917193566979341,32.48682350059664
0.5540221817259976,-3.459336768735226,15.3812512641593
9.859295922386007,3.3518677112716944,29.11309869755407
-8.524068705292024,6.15691883882517,-32.67638437825178
1.0770856880264148,5.245702695532316,-2.7517845126174345
9.38605071238198,5.95627297717269,22.05272877943787
0.46195688340297636,-1.2883337037413405,7.988991857987141
2.5879727627052507,6.356684323500431,0.5269074104711087
3.9149737796923425,-7.595818892587831,32.442029283419316
-0.9091787046445354,0.8897819592169913,1.5531098751312908
2.551161601681269,-9.884826790037568,35.182798424030025
1.6862862384620048,-3.5082834019945945,17.46784148655397
8.023160209819778,-2.670769302572042,33.902055608895914
-9.091072393170842,-2.076546167814892,-18.145699156074738
-4.380736208155394,3.9093441337972443,-17.729972796949788
9.008229681531176,-2.2288379745930857,35.78765186269064
7.805275677818326,-1.026127547549386,30.058799690440647
-0.8868649442857404,-5.24911738251345,12.313551534235087
2.4026519560307342,-2.5349641674131984,17.430239074952322
-4.452376340377347,-5.454607454736971,1.7296659559597007
-6.237576805524774,-8.536081524631127,4.4804633000124054
-0.7260319012003578,2.0689718676275586,-1.3158323739379933
-2.9329554394789437,3.3642559711003255,-10.536678581776096
1.6731222370174414,2.3898069201922905,4.911858154154825
-8.445307260700304,-0.7301191239885529,-18.720492850264826
9.48789615332333,-2.404284396415404,39.097355517468436
9.724214889592059,7.266672991436504,18.772168470192266
3.9632342803949037,0.38163570272436154,15.468314946660731
0.7219273268824082,-0.41636244740537975,7.6947808466813195
-3.8094476742734447,-9.487158683871286,11.200103421449022
6.275900394138972,-3.175043447476873,29.358530217649168
3.694623451077586,-2.396087624282859,20.399824728253815
-6.747661213102174,-2.0235443820619903,-10.321505694469815
8.21854368987685,1.6034473845466461,26.71129762953918
6.450744858463381,0.6720509345375696,23.20172261768255
8.99599826583848,2.1581018558688925,28.52268904794563
4.5143901677672,5.297665230842565,7.810468253217073
2.268303918715798,6.259714774321871,-0.3240529425674588
-1.6351392741876225,4.362461524529888,-8.73356262455514
8.654569667080267,9.110473919098695,13.00812351244304
7.321277790008168,-9.635348346472767,45.65177140535845
-9.095626597876212,-6.0844402863290785,-12.556816379246907
-9.47266051005496,-9.848742500437158,-3.8547756914768683
-2.4707326624390085,2.9494942830920596,-6.888438417401204
6.211066615636657,7.960610978999739,8.638193291152085
9.74552258629889,-5.1303540684740145,45.46267338043587
-6.991662177929436,8.540690895926133,-31.820237603834357
1.8826143070427026,-8.794652194208783,28.325804900507112
-2.3821828673795693,8.688720536110285,-19.32667396695368
9.398287956292066,-2.9675462552073117,38.51230448385647
6.842378462714173,-7.97158343101567,41.15422939414681
6.766574094222758,-0.28256481627348684,26.48062306498639
-0.6261368041005948,-4.864468645589842,14.054411316046714
-1.703609953246696,-4.302541960761543,8.354807786101999
-4.531858561385875,-3.8542007014742685,-1.3373635460605013
-8.872490066981458,6.060517956653268,-33.737978155394316
7.294447525101063,0.7832255335050888,25.918098257222127
6.258020182601552,-3.7738460168799275,29.87789776543097
9.994353465722611,2.2066756662183664,28.273528111593862
9.93273674147811,4.323013484463871,25.601646406015004
1.108634112052549,-4.547519985329325,16.20022988090214
5.37974830361021,-1.7290179694929702,24.08914065216926
8.89531459764856,-7.562278133261049,46.66271974065031
6.992947813548231,-6.377013009306394,38.27962105023447
-5.053037965136047,3.622357079299656,-15.95136051953671
-0.9891172937981292,-6.371233046087461,15.101858975382855
-7.4168116969701,0.5032676733412025,-17.95649607798188
9.081020545174447,4.1809252344486545,24.50341831066943
2.123492689017601,-7.862461538105123,25.956568025482277
-5.427143889930745,1.3462443925780718,-12.93480866752811
3.434013688117135,-4.868744325972725,24.963765429761395
2.3625648091579166,9.258537504751597,-5.758899964788233
-2.8367456393431905,-0.3290870656015059,-3.9239200198667152
-7.72884815600742,6.119850995503164,-31.980005225044653
3.4314639118559924,1.0045308431252344,14.103219707342538
0.40615401807586693,-9.131749342903618,24.858370266132354
5.446367834712786,2.663027511880447,15.110996926019952
0.40327002223986774,9.02806684413314,-12.715986702821368
7.043630006370801,2.0322364029266247,23.191851997673922
1.0381367754897113,6.383777188535802,-5.842555943469799
1.2187594307077259,7.6841292669681565,-5.069307288557172
7.533072053166901,-5.4384045610213505,37.575404546895534
-1.9303426757520583,-5.759103201835467,11.365570302023142
-7.319695430987185,2.219619777019835,-21.72694432275021
-9.42434647373322,-1.7794306038659062,-19.110990782385503
5.1027451134723805,6.797226057334406,6.169669223634137
2.406191027069294,8.000462467960222,-3.9451447607848564
4.081595361984471,-2.931572413945638,23.148850089240412
-5.740716769821786,-5.262588820510359,-2.69916012422611
-7.272570488264605,5.610510304877236,-27.29790772912816
-9.709106686642361,-4.503879289037278,-15.632775048324113
-2.9882488238680605,6.452286370273569,-17.097919127491338
1.7983537370926612,-1.5252349270247443,12.45118169071896
-2.155119098005354,3.3509979858294088,-10.72968692447019
-1.2505015595254179,-8.089293723306636,17.23605500543685
8.083173889874967,2.4771864935314607,26.707764104174895
-3.0348906595339926,-0.9646464252554168,-1.3907748401931204
0.2797897831962164,1.7321692635094816,2.3557704428352912
5.673060254822861,-6.639715845102732,35.035721625465776
-2.069144353574597,4.737474898883642,-10.659916965679027
2.4417340045574694,7.25594155086457,-1.6395619728815218
7.247274174934905,-5.665203998184487,36.89141770586484
8.990412473152844,-8.085708889596766,49.25697689332094
-7.058530381419241,-9.527228279073272,3.5942467293300653
8.531752503229889,2.839430008865321,25.634583217666957
-0.15767413840923616,2.1418807217756157,0.6816918800307874
-4.8351122340208335,0.9339482542814004,-11.353616552931312
-0.8172848752347743,-5.361058077680491,13.94312276562348
9.600651505709543,-2.181880081889707,38.75752881464942
-0.14763812014260758,1.8895267037234618,0.42399152118422995
-3.424967794249836,-0.06466282281661151,-5.719179510013187
2.6680170863345154,9.755710404297744,-6.405513254329955
-5.197087624436138,-7.271204948865337,5.500167175917448
-8.482733437826722,3.902891080951875,-29.493089551037816
-7.4224055617870155,-1.9136246379141575,-14.907492675285171
-7.439083220844552,-1.4360077014877053,-14.280473418321728
-6.9619461297541125,4.351955313163526,-24.538861313733374
-7.223456547011797,3.8487230264873933,-24.19447402963977
2.817494896064293,9.825119874043764,-5.9538018619861495
-6.3623983120171035,-7.432114210917495,0.5538312311488742
-3.086654333522736,-7.917807012316674,13.065514462667222
7.935768198120236,4.486776342574823,18.232847930734547
-0.5207671947425538,1.567738340128182,-0.5262752892642714
3.3511547704205427,-4.516786668803883,23.98378288872035
-6.553602575967403,-8.411612620220268,0.5192287013841588
-6.1542196238265845,-8.286835008071389,2.935156740230953
-9.182627674670423,7.883817493282365,-36.65404784484798
-6.621298738556709,-6.162653505625142,-2.5177027161238774
-4.4281932193608275,-3.5325687576895852,-0.9887412369846278
-6.459790314465064,-5.46687195546024,-4.705791797647291
-8.225949324858888,-2.9000738833612534,-14.494061615893635
-7.587282577987984,-8.611523145078133,-0.9139978241316221
-0.7844246393454846,0.3811958181654074,1.5666193488764975
-5.87332563188415,-8.647748728155701,5.957164355662721
-2.714602779038491,6.007130156447232,-14.600377589284813
0.06834541709713804,-5.3257583617913395,14.74509501793706
3.807896572587307,0.8002382920902118,15.069717912013502
-9.213757203178021,7.6015817512291655,-37.346213363495615
5.988207978180853,3.017547380943883,18.069678211176058
2.5580077898181557,0.659155731026706,12.936252593969428
-8.364819361022562,-3.513324937692488,-14.082902399510578
7.471572482135546,-3.339961738836042,33.28378341286838
8.417448010636264,3.3897391039638016,22.215287965066572
-8.778440802902725,9.88278722442335,-41.33491671666185
-4.4624470370559255,3.236783796987572,-14.394550330696584
6.124025595861227,1.155668347400498,22.048074609371785
4.965193807673167,4.613010204784922,10.593609989807133
-6.3095796128724535,-0.6958877543256374,-12.856810853220928
-5.813013533265794,-8.797153147984297,5.307023688419953
-2.5905579441723603,1.245936317558197,-6.098689369263498
-0.30954029617957346,9.152505690107603,-12.144093547059153
2.365095430605919,-6.493941152846807,23.47550757039331
-2.621727208604552,3.800097816413315,-10.280636679744562
-0.7493056773370412,-5.9813262268188705,16.738341640856255
4.94941876267513,0.7165536894616249,18.421948753662136
-9.266335942188043,-8.066471007065608,-6.856104847434406
-4.951261113119585,-0.9925812748362972,-8.226066212496589
4.266991717691049,5.123266577904921,7.374050315500896
7.9041367537439875,-3.0485695152203585,36.18239776634921
0.23354884231332207,3.2982344897443596,-3.10768436387826
0.6422697053063136,5.908999215794584,-3.357755614373901
-7.856559773204479,8.543556389589053,-37.080749251241684
-1.0517526635309071,-5.307158362890929,12.192406405954722
0.6523453291004628,-2.0136816838138376,10.555154934630401
-5.150589927305407,-6.951679733391652,4.040142954637804
-4.615135381012381,9.849670043167503,-30.1428705812559
-2.454316737907547,8.540019358485907,-18.98081626461251
-9.598576044445473,0.7991426056111912,-23.369703721271947
-3.5584166883364343,6.840665887528424,-20.71975584465896
-5.7710398600691075,0.4191595454408432,-12.961732503478611
-3.4500529564417075,2.471713760055195,-10.955568567232122
-7.604757363614976,-8.217511357679667,-0.9533621692925568
7.810545614797899,5.1054084099361585,18.239967801937134
1.8718490710809732,-7.445730327295303,24.865520958789215
3.582046382889793,6.521352605050566,3.19130622343932
5.783424772146766,5.640561753407718,12.873498919411604
-0.031156021418855318,4.174893954859529,-3.634159765702923
-8.261594238251526,-9.276792389504758,-0.5114399935968799
0.742130836370956,-3.937432881093428,13.80798531342856
1.736822360417582,-4.737748601783142,18.72952790800102
4.908789483686601,-2.7972718505696186,25.793318430079417
-1.3668090754064117,-8.24714506472323,18.877978931763188
-7.448393944088725,8.739156460621256,-34.46788140472302
-4.324481884025511,1.0760448142475258,-10.438593311094738
-2.738354072027298,-3.8895137868395295,4.56325676302052
2.9183448266320244,-2.0603696585143316,16.62536606295502
1.4155660933782386,-1.0559491899032878,11.963111986296658
-2.878065482043075,2.0118866672123463,-6.775636718230508
9.730304975859593,0.31358855392995544,33.111647486885786
2.1154963871377426,8.387839464288348,-5.89923191492297
-5.25546416528011,-0.060730341883395766,-10.379053582421491
-7.964350547591925,9.843160296466252,-39.01609197174887
-6.94281721631336,7.028499154901915,-29.951582573369734
-5.080845432309838,-5.829789712853284,3.51676491794357
-6.786372534808887,8.611904292878325,-32.82995189092931
-6.268659518973885,-7.672672042290478,1.181025375638079
-4.298096626123058,6.348994169823833,-21.239820023652
-6.5325280941049035,-2.3875341304683984,-9.078324049877976
7.9353084925285025,7.559486408901389,13.505728486564626
-8.395325086767155,7.361133802149006,-35.5576159029209
0.4902277914050934,6.118508002352424,-4.445028598216556
-1.7920634602067693,5.800608726141228,-10.557804828389125
9.647572338172129,-3.9064172180391843,41.15512788485604
-7.759221956638953,-8.381614338974956,-3.3809771433275646
-2.042888019085167,-1.9403964246967718,3.759642481974965
9.389408665507379,-6.529509700269827,45.54261557130179
7.310142517879605,3.899021778049235,19.923009596703114
6.3414414189856,-3.078005469244289,28.210231377733543
-4.841943459101204,9.512204017198297,-27.657641073400896
-6.582248252198683,2.8194415469066403,-21.596799779690112
3.3728643984886197,6.449611272687218,2.9501347691579483
8.587519782551716,-7.349506545163031,45.475845505817645
1.135257860278596,7.2402896454524495,-7.028745129465755
1.432253789397997,8.455143810267888,-8.020562565268566
-4.4004181267943165,-0.2587616236212824,-6.997412676183683
5.389858663838737,2.1250587550195483,17.025352934592348
-6.259125028849533,5.296196018059909,-23.78535414219593
-3.526415271915127,-6.503227454791749,9.403649678353602
-1.491271227671664,0.05132152926884892,-1.1406983532637411
0.15220757368910043,-2.026739444553738,11.127314185143401
-5.151805351698395,-7.072520156755018,3.7939801959380635
-7.703263505215929,-2.649311554169371,-13.709951455632174
2.212400848832651,-8.636553812290128,27.57999654533922
-4.227388935194885,-9.48376186101026,11.096236525658833
1.6247644284522451,-7.296674216903545,25.389291831088286
-6.912745694515953,9.262302231783476,-34.39039066749235
-0.3771979629036508,0.9905907179003393,3.3983796057357165
0.6517886510317172,9.3164432230644,-13.128696183085205
-8.963529263551461,-1.3500424333973609,-19.202591871705717
-3.267914436121588,-3.7636773382948085,1.4712179238117342
-7.311706461220515,0.12283725680488189,-16.81716201464634
-8.732500590544646,-1.209766227341797,-17.891081926853044
9.799204647798906,-7.886706314765122,49.75026477924591
-3.5529231005055406,2.816526293804124,-13.896035745752002
6.197488917092699,-5.679236349808008,35.14988759769061
-4.907186904724723,2.391759097956591,-14.06834035835384
3.630054444478585,3.0040218479630667,10.286414392471318
5.204557197793731,-6.959502937427038,35.768459660057424
1.9127748121568864,-8.773007457786637,27.213285672394885
-0.5684762289968326,5.615231721368797,-7.255676024277642
-1.7631817170546285,-0.8039915246135969,2.510945410541283
-3.0226346691400945,-8.836724089890485,11.826956588354168
8.590582884956518,9.897326343395342,11.296747793997849
6.612388155754584,-8.844388780072666,42.02176219640142
9.300538213330253,3.900704577171064,25.018682812546984
-7.514055530289106,9.67357850526827,-36.54164711786552
4.617349504072886,-5.216397915681488,28.79761577946808
8.766809136420758,-7.1550126262560765,44.934744582612815
-6.3753386766867965,-7.572301211551422,1.0527388105304774
-8.67007465266445,-3.9344970486480886,-14.228475799559975
4.822412985801181,-7.979083779787066,34.33958138809249
1.489462263598238,3.843226833882639,2.4613064059859395
6.836575535165441,-8.754164037398747,41.86926064513516
-7.20455246747421,0.1884425629957942,-16.32423002750501
5.905346237197804,9.933937077059536,3.310755850328292
-5.967453599045109,6.2794053901203775,-27.186978306166683
-6.72688114268591,2.3043887646202172,-20.466985609633817
-6.714684041380141,-3.874927584267766,-6.200087552557518
6.291494404627642,2.4779167258327703,17.937484231077704
3.303944413924002,0.5408292782330335,13.365770422996551
0.4613084953823865,-1.4783323221925713,9.802651023784199
-2.8233903175299506,-7.38579246519601,12.084804487084764
7.5440108162621655,7.732084304809334,11.916324953123333
-2.1510978515472923,-1.0043070235735492,-0.04218970218642004
6.331988789431541,-6.107549763584698,37.63343575716252
-1.217301828595632,-2.6448129824542077,8.376620142919098
-2.4611114115018484,-1.717404949421459,2.030333715119168
-0.7464042866078717,6.5507579113374845,-10.25541053993356
-3.972442516717159,4.672287611228041,-17.070168494248485
4.952187603525022,5.386097872826795,8.25392265836491
0.05440780184958349,-9.779374711427057,25.244486933668618
-5.355746097063654,-1.6769200364047698,-7.294999997492737
7.991491465491368,-0.3731169672935266,31.122306924007585
-2.3221755725357713,-9.616154463538866,17.916232302006556
0.8710572222797719,-4.803735825099316,15.71756301527813
8.12944221929094,5.2057964624427004,20.02868135071034
2.484759918279842,-7.257805885420019,25.971830898365152
-7.662039185832718,0.706202629051834,-19.782494087554173
8.796642472269504,-5.69596255965525,43.03205274237071
2.5541610614283563,-9.757584507122134,34.1733196883133
-3.3018877068582775,-5.17597084800917,8.556197131448869
-7.214558546732254,9.517475098201075,-35.071902777462725
5.880503785405919,6.030742237659791,10.396830262177787
2.4014551185702704,9.191532886420667,-5.644194768649973
0.6692218395264309,-0.24291912147275063,8.38115918739863
7.877851661019154,-7.8052760264499295,43.92343941040013
5.771944224490614,0.95918977947386,22.192664470436444
-6.9665024053449764,-0.9124533088007816,-13.844529839241964
-3.765558644089035,6.88714165479232,-19.573216152760352
-5.030217203710685,-8.038348384315109,6.651969409552622
4.878925851453539,-0.23517725956443591,20.528718684103943
-9.329351305284412,-6.999026706120315,-8.151060003142995
1.39779369742633,-3.506481462198801,15.589090830129669
5.249173714813811,4.747141547755993,10.694936294983416
7.535312735234989,-0.47963741262466897,27.46505879798261
-3.158365025681851,-2.482234297084613,0.9288747477438988
6.425146093440258,-2.110474428599294,29.275323641031477
-7.7873652608958555,-0.8110646318802672,-16.28219365277515
6.929045834690363,5.700330876741138,16.060968183936353
-7.450226753360352,7.841693778804689,-33.03966383651948
-2.0542541887926546,9.106693730078565,-18.70740837094258
5.9459073155910716,5.738067725105902,10.269885620422098
-7.001651453024524,-3.6918620850397454,-9.008329891468483
-5.414972095347171,3.762694121730842,-18.07476677193742
4.445051367861325,-1.2479375188921615,21.68013125211144
4.400730730921488,-4.906587559078977,27.721400363258237
2.8229526577059456,6.817431588518453,-0.2376044557771353
3.8789688893420013,-9.2314730207535,33.58197896285219
0.8544888669519235,8.03523984270847,-8.86404228536778
-4.964018821860945,-0.7704507075053169,-7.460771887052415
-3.086080129921611,2.744029536165609,-9.171094445989485
-6.368045663971486,3.187078444115654,-19.977628158764556
8.169011226672566,7.902354814130728,13.752097738937202
1.6678358953224084,2.7333936433441473,4.5437835579071075
-1.9829716647272022,2.2786716952012362,-6.166579524057526
-0.7598839271173468,-8.666959188786201,20.753095016422897
8.945666792236306,0.3681604389040807,31.521652443290147
-6.932971937678396,-6.996619983659167,-1.3136569977240526
1.7245966403359443,4.7486753744297125,0.15040432948082738
0.11777357768932006,0.24443841625348917,2.7111009806897375
2.229084708692957,3.6045555841670662,5.575295669498434
-9.63779632358319,-9.166541987952314,-6.059142450853348
7.442478178883029,-8.304159679083936,43.07297813077383
8.642365649672247,4.326467761253646,22.96764033842344
1.3026636717841793,-8.558313280026532,25.63260493548647
3.9330164775378442,-8.574865444694828,35.00871670604981
8.449987623545915,-9.757830495302251,50.48262981081895
4.144772686267972,9.130027965989601,-0.14216854997480932
-6.949219141714773,4.750167189180139,-26.713947514705133
1.5257672033362635,-2.934971829958717,16.659189255312626
2.1343009276571188,-4.069288374246895,19.802730062699002
-1.5173865739522796,-3.005935405083009,6.090433949062976
4.728884712494457,5.4930706236236375,8.343901357578348
8.687340295380295,3.2274122214082883,22.83096121042599
8.511370258135528,-6.296088642650641,43.53494087118854
-0.9832125719173579,-6.517813293318313,14.05661736270248
-7.735239083184895,-8.032087005732054,-3.494213523934115
9.696823979246691,3.206054394026763,26.156003963468656
6.777961728918683,5.287453244434719,15.871667072876537
-7.506746375934663,-4.6990714334999195,-8.75135965449694
8.416837652347446,-9.581100779381744,50.94644222572233
7.3979272412425665,-8.356566650471454,43.371113561618316
0.3767611425214419,9.357200696900609,-14.29147592382984
1.8255087148985858,-4.091104450451595,17.542210605650286
-2.019945922597395,5.384462956762672,-10.59295206131059
-8.904767223559373,2.493271377085275,-26.856742602785335
-3.296055167081981,-2.3612072069420815,-0.7140383838523812
6.057068971960227,-5.886254756088897,35.10373465391127
-9.907359539907944,-7.572271636811871,-9.075752609932543
-3.3300165661771164,2.300259360777332,-8.473169604183553
-2.0366261281811333,5.492675612755759,-10.646730380161992
0.7479120587584571,2.878085070822614,1.1277973888410577
8.397112328255211,0.6060426649831658,27.653203968717264
-3.073080112680775,-9.160975531367274,13.689245563568946
-3.0609359620754457,9.369775551887678,-22.662078483418803
4.750024962194967,5.974283833091491,6.337748294191309
-0.9556411822038573,-4.143559265980706,9.463044070454796
-5.507903541200361,9.599406587177015,-30.378735916405226
-0.9512096773461316,2.037631792726442,-1.97754496906173
-7.182859592404003,1.6484531641449287,-19.812688110090278
-6.472260269875534,4.961463588590643,-25.098203321507956
-0.03264454521040605,6.235395761802749,-7.799125873442484
-1.6214910099090414,3.1295721466300535,-7.047850467255535
8.296918021362,-7.4380850726759995,45.65712262056279
-2.7521220176673378,-3.234649880110032,4.248183041941804
1.6117670055608695,8.561672806520995,-9.134232458597477
2.6452857583906066,-5.507687763122961,23.021721941225334
-9.738110868233328,-2.556659523249733,-20.597542813290595
3.270747440334212,-1.3584623411160806,16.879143068827897
-6.439280662604972,-1.2119002061109558,-11.977479545383364
9.221406349389103,2.25879164989051,26.696990528687756
-7.026745444937741,8.86151675489415,-34.72512965772684
-1.7075175254595258,-5.1861457633499,9.245781578239725
-8.293006638427123,-7.569972473981639,-4.531807637919147
9.937485036918947,-6.050590202801254,46.9829798533956
0.04390020662485128,7.7384980041853915,-11.067032941833482
1.9077003464008762,2.916216253104121,5.067489405133784
-8.65847045223145,-4.281864215216798,-12.958363010848021
4.999209407983557,6.3189387793723455,7.088095554879926
-5.801888138088285,7.227399927268721,-25.18701217850376
7.961085788814273,6.9302867738055625,16.363144870622044
-5.897207190359857,8.37853067279109,-30.74826415358935
-6.186245586726669,-4.955179596532768,-2.8186451492352926
-9.269006643038102,5.100838574925566,-32.197300524473846
-0.5586610978000159,-0.7892100545172003,3.7541735268817344
1.2968226652523285,6.839971057801229,-3.9706964760906116
-8.685827211432953,4.569813543232264,-28.659176802350835
5.510552333900211,5.528948929994492,9.351214335467237
-0.9342233050394473,3.1232367536214305,-4.966646243375466
0.4878053865516012,-6.451424610605862,20.383926847710033
-1.1847450612354375,0.9005383779387657,-0.08381662875819601
-1.98473878249348,9.693394790490164,-19.789529653221244
1.1928066261643586,8.747761329942378,-8.576513564991183
-6.89519508138575,-9.136525284059767,2.9781612448904284
-6.3614373900945775,-6.7037036854112575,-2.003376927772299
7.235712420270346,-7.365424530908761,42.48530402925001
8.922309242672654,4.519598199705911,23.897321321033914
-2.533813674404941,6.3557065971389015,-15.542244961560655
-4.585106537128924,-5.729772673786561,2.660748786372488
2.8799908647803143,0.11705385903658083,11.87475737371206
-1.8253165780380716,6.814060560224,-13.589816098544382
-9.492272886793103,4.656030895325012,-32.216823009315185
-6.876948052676193,0.8447441098369666,-17.382523394701824
4.3194445769479515,1.8069538091754573,15.468779472363442
3.178478838203027,0.1672109383255993,13.866937406977943
-9.45808014993033,-4.049030973623589,-14.71157257665021
-5.560556761341012,1.3004398571803222,-15.302214337075794
-5.378504068238572,3.7777060410018137,-18.714476437593582
3.4378548719745687,7.466458317216155,0.2062937235885605
-9.605789244912717,2.7258270795849615,-29.043713971867135
-7.917828360308523,5.22243074086316,-29.56787349148525
5.998321707463788,-6.79856730090854,36.46062712853678
-6.429106758913328,-0.768850511604203,-11.923572082090072
3.0549221570374936,-9.813367603458135,33.35473744079054
-5.23634437906547,-5.06642270956754,-2.182764818800008
-8.011172144813097,4.529234302260097,-26.342401134754066
-5.136556180010919,9.83619902698727,-28.70061251531681
4.445338637113183,-8.016438008255681,33.07662923274529
7.113929362125717,-1.970113682774235,30.971723257170815
6.604397291339833,6.00141937398319,12.307378355501776
-2.056329407630903,-5.919287307422023,10.933073607282395
3.3617027314129224,1.1016989860457258,13.175934351160809
-5.900314091683581,4.661425920593496,-22.258201916554057
-4.137045394779735,2.319709005203581,-12.834319860332766
7.926716370422394,-6.239505307691678,40.568618674334274
-9.73996152978528,-2.892308626285212,-19.351459252266658
-8.28982938291064,5.675835689707945,-32.05298173637825
-5.842274897079454,1.0845302826403334,-14.763063546568382
-9.469355922523606,-9.895407729141745,-4.333012298398082
-6.371291298204054,5.219815200561877,-23.871452230023294
1.6608312193938435,-9.293772901195219,30.057285615907897
-1.5715089881500415,4.914675654624643,-10.123931515069454
7.853434221539498,-5.950388796695252,40.70048475854438
6.3488712347688185,9.161469602387605,6.22335960983418
-3.1636529660424806,-2.6411849739583104,1.2634133207084535
-4.81153133137415,-3.461367673238418,-2.435903379729526
-2.4061518366546615,-7.022238993351106,12.56870489509795
1.8058988502961544,-3.887915690195703,18.675776883960523
-4.638727183542475,7.533015236564012,-25.219874446082745
2.4829781569826803,9.926686752544946,-6.535282969752577
-1.811766956175191,-2.6338093898630337,5.719608748467237
1.0409436170396056,-1.0277873809091496,9.415119508758535
-1.2774694172936663,4.441418764054742,-7.67730794454288
-4.110684809161647,7.723915609301489,-22.09655665327685
8.969066139243132,1.8608866837356821,27.976111230678672
5.272115883195216,-2.1694860364434128,26.228297770238484
-7.1977364846709495,-1.7475631830275251,-10.734210593338439
7.369359517958255,3.912362929936137,18.497366661367508
-0.25137603500972716,-9.935634727914426,22.736096747645895
7.891044537881829,2.3917867491968146,24.193378710856734
5.997105118946305,-2.890139791172852,29.49315744431076
-1.4957299106153314,5.883946625541686,-11.485949356774135
-9.550613833597652,-8.140187203537357,-5.918206430397207
-4.626452812301078,1.7640453389678097,-13.746054914562103
0.8326842932173388,-0.38054220227752467,8.952055907238677
2.6695643965229454,2.846510518104548,6.709811332600847
-4.842246291335954,-8.702928110340633,9.598495252880701
-7.212878518543517,1.5996757485626247,-17.84547169958768
6.698604735985981,1.2296917591904748,21.869774101793645
9.688043614071042,1.2132018883234181,31.08816992965771
0.5138036460537165,2.069753331929096,3.261492161282759
-6.5664142830339305,3.5293587445272436,-22.145090987945796
-4.553853469612621,6.099779993615396,-20.906531614000894
-9.632186469050666,-4.603585597435713,-14.66399979173816
8.285976131209981,6.500988203601242,14.936278830229803
-7.644978342197177,-0.034886354730927494,-17.879000063223913
1.5303295102850711,-8.458834417313376,25.818929591417792
-4.51889558625588,-8.828981415120417,8.608153249073421
1.0835600503158673,-3.3152336260787845,16.324779406573985
3.028407767037285,5.697939542229351,1.4328373223738962
6.594836074144034,4.153618694818315,17.29047601954345
-5.871574564787936,5.772299293448128,-24.438285211591875
-9.780083426830391,0.3453811288321873,-25.31077270665138
-7.2622873986238545,-1.1960200408901898,-13.604450218039473
8.0003728369621,-7.0509494658743215,43.44306873720383
7.477801551250305,-3.4361449278137695,34.87630750659799
1.9482620434061655,-1.3196126765224943,14.452196143796346
2.010337208673068,-8.227991406407655,27.15568605565119
3.3007334909251096,-5.587760945775775,25.46548562981913
-6.492574427531008,1.9645058812747767,-19.491885571700376
8.288238918499196,4.713262284783797,19.61278165595104
-1.6245895021585373,9.966950227858995,-16.858574536884877
-2.337229435010051,8.662266626871155,-18.091541978035675
0.37835410565675076,2.85130399070383,-0.9186200306454286
-9.0606806644989,-1.5750389341185596,-20.35442208200315
-6.674332624878412,2.7235472941646535,-19.988226401246052
4.760672328527409,5.71303236160464,8.403217059750915
-8.344026641497472,-7.633276181532254,-4.216643726110543
2.0630421893277635,-1.8019022060742351,14.537975186578063
-5.093017806373581,6.7960457127123455,-23.996599104548334
-2.214087719160469,-2.3233409613391203,3.3322982893561908
-4.226125264586003,1.4374454245437303,-10.467373636552137
-2.8865456707010173,1.755387217243964,-9.389711819338514
4.380918103684909,-6.310474937327212,30.533904555133958
-4.057565687536499,-2.7552911669542324,-2.5135211629613465
1.3280928059379438,-3.309774225161357,15.779038287045058
-0.4789919560180067,-9.476065829358705,25.5004147932668
3.273423307252962,-9.516164722172896,34.22008103157898
8.73659478649516,6.633940873515471,17.628372926282143
4.651441944205006,-4.538583800543751,28.953294935679775
-5.701192428184864,0.36157532477630916,-12.344040046897998
-9.376337298774306,-4.025488528224539,-14.657940349421999
-4.754719114003498,8.813584902306811,-26.284476553408442
1.901558614005097,-4.814064822684525,22.389349052213884
-8.971483730314993,-1.4068637452212975,-20.2316121358283
-0.07267505597527268,7.454605009692038,-9.65360311049844
1.9368569783377847,6.838671335836175,-3.7931528666405336
-3.315122183660783,-6.277971643074453,8.166089381508804
5.418244074916439,6.052866195914209,8.230313321434807
-7.868034937324564,-0.8362622652421479,-17.34894709509448
-8.497244365283825,-0.3406225582928961,-20.105577893503586
4.563775124072066,-7.330400551681125,34.32794319492315
-0.09017367587603076,-8.387969724857507,22.423872866029335
3.7680479285547204,4.558786139475304,5.940854130267169
-1.3034532279250755,-0.0707769528940041,1.2861283330126305
-5.071959335217864,-1.262985947696409,-8.399485965009946
6.382046353483993,4.590164573047934,13.707305003680776
5.988317579379585,5.310257979822195,12.127419728069995
3.893929417088536,-6.821836646612929,30.01697875603565
-4.5570972554007465,2.204502989552825,-10.653581258962365
1.804613337381742,-7.292918354446289,25.432636546398502
-2.7805220611994645,5.027501720580913,-14.774187125514455
-8.168358533467316,3.139103125342791,-26.348055855258472
8.346271509244858,9.13229242166916,12.795612979825652
-7.263627381620772,-8.620839672871575,2.5392399737507603
9.004747076416049,-8.858905576974914,48.14606907096002
-1.0798845408408848,-4.3562585061359975,8.592939004610296
